N°,Nom,Image,Tribu,Rang,Type,Nourrit. Pref.,Rôle,Rareté,Clan,Affiliation,Tags
001,Woko,,Vaillant,E,Feu,Boule de Riz,Combattant,Commun,Aucun,Aucun,"YKW1, Évolutif"
002,Pagno,,Vaillant,C,Feu,Boule de Riz,Combattant,Commun,Aucun,Aucun,"YKW1, Évolution"
003,Alfoncéo,,Vaillant,B,Terre,Boule de Riz,Combattant,Rare,Aucun,Aucun,YKW1
004,Toumou,,Vaillant,E,Vent,Jus,Combattant,Commun,Aucun,Aucun,"YKW1, Évolutif"
005,Lamlam'mou,,Vaillant,C,Vent,Jus,Combattant,Commun,Aucun,Aucun,"YKW1, Évolution"
006,Samoumouraï,,Vaillant,B,Glace,Jus,Combattant,Rare,Aucun,Aucun,YKW1
007,Samoussrai,,Vaillant,E,Glace,Déssert,Combattant,Commun,Aucun,Aucun,"YKW2, Évolutif"
008,Ronimpec,,Vaillant,B,Glace,Déssert,Guérisseur,Commun,Aucun,Aucun,"YKW2, Évolution, Tabloblabla"
009,Roupilion,,Vaillant,E,Glace,Cuisine Chinoise,Combattant,Commun,Aucun,Aucun,"YKW2, Évolutif"
010,Rugis,,Vaillant,A,Glace,Cuisine Chinoise,Combattant,Commun,Aucun,Aucun,"YKW2, Évolution"
011,Trépigno,,Vaillant,E,Feu,Viande,Combattant,Commun,Aucun,Aucun,"YKW2, Fusion, Fusion (Objet)"
012,Zerberker,,Vaillant,A,Feu,Viande,Combattant,Commun,Aucun,Aucun,"YKW2, Fusion, Fusionné (Objet)"
013,Fouétar,,Vaillant,S,Glace,Viande,Combattant,Rare,Aucun,Aucun,YKW1
014,Sumochi,,Vaillant,D,Terre,Boule de Riz,Combattant,Commun,Aucun,Aucun,"YKW1, Tabloblabla"
015,Mochimacho,,Vaillant,D,Feu,Boule de Riz,Combattant,Commun,Aucun,Aucun,YKW1
016,Sale de bain,,Vaillant,D,Foudre,Oden,Combattant,Commun,Aucun,Classique,YKW2
017,Agonigri,,Vaillant,D,Restauration,Boule de Riz,Combattant,Commun,Aucun,Aucun,"YKW2, Évolutif, Réa"
018,Onigrix,,Vaillant,A,Feu,Boule de Riz,Combattant,Commun,Aucun,Aucun,"YKW2, Évolution, Réa"
019,Heaumer,,Vaillant,D,Foudre,Légumes,Tank,Commun,Aucun,Aucun,"YKW1, Fusion, Fusion (Yo-Kai)"
020,Bushidos,,Vaillant,A,Foudre,Légumes,Tank,Commun,Aucun,Aucun,"YKW1, Fusion, Fusionné (Yo-Kai)"
021,Âmiral,,Vaillant,S,Absorption,Légumes,Combattant,Rare,Aucun,Aucun,YKW1
022,Bouh,,Vaillant,C,Terre,Oden,Tank,Commun,Aucun,Classique,YKW2
023,Coach Antonic,,Vaillant,C,Foudre,Hamburger,Ranger,Commun,Aucun,Aucun,"YKW2, Tabloblabla"
024,Feulion,,Vaillant,C,Feu,Viande,Ranger,Commun,Aucun,Aucun,"YKW1, Fusion, Fusion (Yo-Kai), Sceau Lég., Tabloblabla"
025,Vibrilion,,Vaillant,B,Terre,Viande,Combattant,Commun,Aucun,Aucun,YKW1
026,Siro,,Vaillant,A,Foudre,Viande,Combattant,Rare,Aucun,Aucun,YKW1
027,Bonneto,,Vaillant,C,Feu,Fruit de mer,Ranger,Commun,Aucun,Aucun,"YKW1, Fusion, Fusion (Objet)"
028,Sabri,,Vaillant,A,Vent,Fruit de mer,Ranger,Commun,Aucun,Aucun,"YKW1, Fusion, Fusionné (Objet)"
029,Padelou,,Vaillant,A,Absorption,Fruit de mer,Combattant,Commun,Aucun,Aucun,"YKW1, Fusion, Fusionné (Objet)"
030,Orox,,Vaillant,S,Foudre,Fruit de mer,Combattant,Rare,Aucun,Aucun,YKW1
031,Benkei,,Vaillant,C,Glace,Cuisine Chinoise,Combattant,Commun,Aucun,Aucun,YKW1
032,B3-NK1,,Vaillant,B,Foudre,Cuisine Chinoise,Ranger,Commun,Aucun,Aucun,YKW1
033,Sushiyama,,Vaillant,B,Glace,Soba,Combattant,Commun,Aucun,Aucun,YKW1
034,Kapunki,,Vaillant,A,Feu,Soba,Combattant,Rare,Aucun,Aucun,YKW1
035,Scatcheur,,Vaillant,B,Terre,Légumes,Combattant,Commun,Aucun,Aucun,"YKW1, Fusion, Fusion (Objet), Voie du mystère, Réa"
036,Scarmouche,,Vaillant,S,Glace,Légumes,Combattant,Commun,Aucun,Aucun,"YKW1, Fusion, Fusionné (Objet), Réa"
037,Scarnage,,Vaillant,S,Foudre,Légumes,Ranger,Rare,Aucun,Aucun,"YKW1, Exclu Bingo-Kai, Sceau Lég., Sceau Gorgouille"
038,Démophage,,Vaillant,S,Terre,Viande,Combattant,Commun,Aucun,Aucun,"YKW2, Sceau Lég., Sceau Déballerine"
039,Vampéric,,Vaillant,S,Absorption,Confiserie,Combattant,Rare,Aucun,Aucun,"YKW2, Exclu Bingo-Kai, Sceau Lég., Sceau Slurpent"
040,Pleurapluie,,Mystérieux,E,Vent,Encas,Combattant,Commun,Aucun,Aucun,YKW2
041,Gastong,,Mystérieux,E,Terre,Encas,Combattant,Commun,Aucun,Classique,YKW2
042,Morvobec,,Mystérieux,E,Eau,Fruit de mer,Combattant,Commun,Aucun,Aucun,YKW1
043,Matchou,,Mystérieux,D,Glace,Fruit de mer,Combattant,Commun,Aucun,Aucun,YKW1
044,Papa Ress,,Mystérieux,E,Restauration,Hamburger,Guérisseur,Commun,Aucun,Aucun,"YKW1, Évolutif"
045,Ralbouc,,Mystérieux,C,Restauration,Hamburger,Guérisseur,Commun,Aucun,Aucun,"YKW1, Évolution"
046,Bastata,,Mystérieux,C,Terre,Hamburger,Combattant,Rare,Aucun,Aucun,YKW1
047,Chaipô,,Mystérieux,E,Vent,Confiserie,Combattant,Commun,Aucun,Aucun,"YKW1, Évolutif, Tabloblabla"
048,Mémogre,,Mystérieux,B,Vent,Confiserie,Combattant,Commun,Aucun,Aucun,"YKW2, Évolution"
049,Gagalurin,,Mystérieux,E,Foudre,Confiserie,Combattant,Commun,Aucun,Aucun,YKW1
050,Ovide,,Mystérieux,D,Eau,Oden,Combattant,Commun,Esprit Farsseur,Classique,YKW2
051,Marra,,Mystérieux,D,Absorption,Hamburger,Combattant,Commun,Aucun,Aucun,YKW1
052,Violette,,Mystérieux,C,Absorption,Hamburger,Combattant,Commun,Aucun,Aucun,YKW1
053,Toutouïe,,Mystérieux,D,Restauration,Ramen,Guérisseur,Commun,Aucun,Aucun,"YKW1, Exclu Bingo-Kai, Pièce Pile ou Pass, Évolutif"
054,Babalance,,Mystérieux,B,Restauration,Ramen,Guérisseur,Commun,Aucun,Aucun,"YKW1, Évolution"
055,Mémétal,,Mystérieux,C,Restauration,Ramen,Guérisseur,Commun,Aucun,Aucun,YKW1
056,Cupistol,,Mystérieux,D,Vent,Déssert,Combattant,Commun,Aucun,Aucun,"YKW1, Fusion, Fusion (Objet)"
057,Donjuant,,Mystérieux,B,Vent,Déssert,Combattant,Commun,Aucun,Aucun,"YKW1, Fusion, Fusionné (Objet), Âmeschimie rares, Âme Superstar"
058,Nonjuan,,Mystérieux,A,Feu,Déssert,Combattant,Rare,Aucun,Aucun,YKW1
059,Trodésolé,,Mystérieux,D,Foudre,Curry,Combattant,Rare,Aucun,Aucun,"YKW2, Exclu Bingo-Kai, Évolutif"
060,Pardomino,,Mystérieux,A,Terre,Curry,Combattant,Rare,Aucun,Aucun,"YKW2, Évolution"
061,Brumette,,Mystérieux,D,Vent,Déssert,Combattant,Commun,Aucun,Classique,"YKW2, Évolutif"
062,Brumella,,Mystérieux,A,Vent,Déssert,Combattant,Commun,Aucun,Classique,"YKW2, Évolution, Sceau Lég., Sceau Déballerine"
063,Padrézo,,Mystérieux,D,Foudre,Encas,Combattant,Commun,Aucun,Aucun,"YKW1, Fusion, Fusion (Objet)"
064,Emettor,,Mystérieux,A,Foudre,Oden,Combattant,Commun,Aucun,Aucun,"YKW1, Fusion, Fusionné (Objet)"
065,Dynamo,,Mystérieux,S,Foudre,Oden,Combattant,Rare,Aucun,Aucun,"YKW1, Sceau Lég., Sceau Camaïeul"
066,Maître Oden,,Mystérieux,A,Foudre,Oden,Guérisseur,Rare,Aucun,Aucun,YKW2
067,Mythovni,,Mystérieux,C,Glace,Sushi,Combattant,Commun,Esprit Farsseur,Aucun,YKW2
068,Apélicain,,Mystérieux,C,Vent,Hamburger,Combattant,Commun,Aucun,Aucun,"YKW2, Exclu Bingo-Kai"
069,Télémir,,Mystérieux,C,Absorption,Cuisine Chinoise,Combattant,Commun,Aucun,Aucun,YKW1
070,Triptic-tac,,Mystérieux,A,Absorption,Cuisine Chinoise,Combattant,Commun,Aucun,Aucun,"YKW2, Sceau Lég., Sceau Déballerine"
071,Nuiroir,,Mystérieux,A,Absorption,Cuisine Chinoise,Combattant,Commun,Aucun,Aucun,YKW1
072,Hiblusion,,Mystérieux,C,Eau,Pain,Combattant,Commun,Aucun,Aucun,YKW1
073,Hibrouille,,Mystérieux,C,Glace,Pain,Combattant,Commun,Aucun,Aucun,YKW1
074,Hibourling,,Mystérieux,B,Foudre,Pain,Combattant,Commun,Aucun,Aucun,YKW1
075,Espi,,Mystérieux,B,Terre,Légumes,Combattant,Commun,Aucun,Aucun,YKW1
076,Etassivilia,,Mystérieux,B,Absorption,Légumes,Combattant,Commun,Aucun,Aucun,YKW1
077,Valetino,,Mystérieux,B,Restauration,Soba,Guérisseur,Commun,Aucun,Aucun,YKW2
078,Tengu,,Mystérieux,S,Vent,Confiserie,Combattant,Commun,Aucun,Aucun,YKW1
079,Tengurou,,Mystérieux,S,Feu,Confiserie,Combattant,Rare,Aucun,Aucun,YKW1
080,Kyubi,,Mystérieux,S,Feu,Oden,Combattant,Commun,Fantôme Bouffis,Aucun,YKW1
081,Barakabo,,Mystérieux,S,Glace,Oden,Combattant,Rare,Aucun,Aucun,"YKW1, Exclu Bingo-Kai, Sceau Lég., Sceau Gorgouille"
082,Chymère,,Mystérieux,S,Foudre,Cuisine Chinoise,Combattant,Commun,Aucun,Classique,"YKW2, Limbes Éternelles"
083,Chyper,,Mystérieux,S,Foudre,Sushi,Combattant,Rare,Aucun,Classique,"YKW2, Exclu Bingo-Kai, Sceau Lég., Sceau Slurpent"
084,Potache,,Costaud,E,Terre,Encas,Combattant,Commun,Aucun,Aucun,YKW2
085,Darabajoie,,Costaud,E,Terre,Curry,Tank,Commun,Aucun,Aucun,"YKW1, Fusion, Fusion (Yo-Kai)"
086,Darumastar,,Costaud,B,Terre,Curry,Tank,Commun,Aucun,Aucun,"YKW1, Fusion, Fusionné (Yo-Kai)"
087,Goruma,,Costaud,B,Vent,Curry,Tank,Commun,Aucun,Aucun,YKW1
088,Jalouseriz,,Costaud,E,Glace,Cuisine Chinoise,Tank,Commun,Fantôme Bouffis,Aucun,"YKW2, Fusion, Fusion (Yo-Kai)"
089,Fanfanfaron,,Costaud,B,Restauration,Fruit de mer,Tank,Commun,Fantôme Bouffis,Aucun,"YKW2, Fusion, Fusionné (Yo-Kai)"
090,Egare-dare,,Costaud,E,Terre,Boule de Riz,Combattant,Commun,Esprit Farsseur,Aucun,"YKW2, Fusion, Fusion (Yo-Kai)"
091,Charivari,,Costaud,B,Terre,Boule de Riz,Tank,Commun,Esprit Farsseur,Aucun,"YKW2, Fusion, Fusionné (Yo-Kai)"
092,Nanpart,,Costaud,E,Terre,Ramen,Tank,Commun,Aucun,Aucun,"YKW1, Évolutif, Voie du mystère, Réa"
093,Passpa,,Costaud,A,Terre,Ramen,Tank,Commun,Aucun,Aucun,"YKW1, Évolution, Réa"
094,Granpart,,Costaud,A,Terre,Ramen,Tank,Commun,Aucun,Aucun,YKW1
095,Loubarbare,,Costaud,E,Terre,Ramen,Combattant,Commun,Aucun,Aucun,"YKW1, Exclu Bingo-Kai, Pièce Pile ou Pass, Évolutif"
096,Racaïd,,Costaud,B,Terre,Ramen,Combattant,Commun,Aucun,Aucun,"YKW1, Évolution"
097,Frérosse,,Costaud,A,Terre,Ramen,Combattant,Commun,Aucun,Aucun,YKW1
098,Hauber,,Costaud,D,Glace,Légumes,Tank,Commun,Aucun,Aucun,"YKW1, Fusion, Fusion (Yo-Kai)"
099,Humainequin,,Costaud,D,Glace,Confiserie,Combattant,Commun,Aucun,Aucun,YKW2
100,Boulapic,,Costaud,D,Eau,Lait,Tank,Commun,Aucun,Aucun,YKW1
101,Boulcadier,,Costaud,C,Eau,Lait,Tank,Commun,Aucun,Aucun,"YKW1, Fusion, Fusion (Yo-Kai)"
102,Pachycoul,,Costaud,D,Eau,Boule de Riz,Tank,Commun,Aucun,Aucun,"YKW1, Fusion, Fusion (Yo-Kai)"
103,Persévéfant,,Costaud,C,Eau,Boule de Riz,Tank,Commun,Aucun,Aucun,"YKW1, Fusion, Fusion (Yo-Kai)"
104,Pachypipi,,Costaud,A,Eau,Boule de Riz,Tank,Commun,Aucun,Aucun,"YKW2, Fusion, Fusionné (Yo-Kai)"
105,Antonnerre,,Costaud,D,Foudre,Cuisine Chinoise,Combattant,Commun,Aucun,Aucun,"YKW2, Évolutif"
106,Parantonn,,Costaud,A,Foudre,Cuisine Chinoise,Combattant,Commun,Aucun,Aucun,"YKW2, Évolution, Sceau Lég."
107,Suinthan,,Costaud,C,Feu,Curry,Tank,Commun,Aucun,Aucun,YKW2
108,Lama Laya,,Costaud,C,Glace,Sushi,Tank,Commun,Aucun,Aucun,"YKW1, Fusion, Fusion (Yo-Kai)"
109,Etna Magma,,Costaud,B,,Sushi,Tank,Commun,Aucun,Aucun,YKW1
110,Castelius III,,Costaud,C,Terre,Lait,Ranger,Commun,Aucun,Aucun,"YKW1, Fusion, Fusion (Yo-Kai)"
111,Castelius II,,Costaud,B,Glace,Lait,Tank,Commun,Aucun,Aucun,"YKW1, Fusion, Fusionné (Yo-Kai), Fusion (Yo-Kai)"
112,Castelius I,,Costaud,A,Foudre,Lait,Ranger,Commun,Aucun,Aucun,"YKW1, Fusion, Fusionné (Yo-Kai), Fusion (Objet), Voie du mystère"
113,Castelius MAX,,Costaud,S,Vent,Lait,Tank,Commun,Aucun,Aucun,"YKW1, Fusion, Fusionné (Objet)"
114,Coléroptère,,Costaud,B,Terre,Légumes,Combattant,Commun,Aucun,Aucun,"YKW1, Fusion, Fusion (Objet), Voie du mystère, Réa"
115,Rhinolimit,,Costaud,S,Terre,Légumes,Combattant,Commun,Aucun,Aucun,"YKW1, Fusion, Fusionné (Objet), Réa"
116,Corniaque,,Costaud,S,Terre,Légumes,Tank,Commun,Aucun,Aucun,"YKW1, Exclu Bingo-Kai, Sceau Lég."
117,Robonyan,,Costaud,A,Glace,Barre de Chocolat,Tank,Commun,Aucun,Aucun,"YKW1, Tabloblabla"
118,Oronyan,,Costaud,S,Foudre,Barre de Chocolat,Tank,Commun,Aucun,Aucun,"YKW1, Exclu Bingo-Kai, Sceau Lég."
119,Misterre,,Costaud,A,Terre,Légumes,Tank,Commun,Aucun,Aucun,"YKW1, Sceau Lég., Sceau Camaïeul"
120,Ressak,,Costaud,S,Eau,Légumes,Tank,Commun,Aucun,Aucun,YKW1
121,Crapop,,Costaud,S,Eau,Soba,Combattant,Commun,Fantôme Bouffis,Classique,"YKW2, Chef de Clan"
122,Geeko,,Costaud,S,Feu,Soba,Combattant,Commun,Aucun,Aucun,"YKW2, Exclu Bingo-Kai, Sceau Lég., Sceau Slurpent"
123,Gambeth,,Mignon,E,Restauration,Déssert,Guérisseur,Commun,Aucun,Aucun,YKW2
124,Squarlett,,Mignon,E,Feu,Déssert,Combattant,Commun,Aucun,Aucun,"YKW1, Fusion, Fusion (Yo-Kai)"
125,Margoth,,Mignon,C,Feu,Déssert,Combattant,Commun,Aucun,Aucun,"YKW1, Fusion, Fusionné (Yo-Kai)"
126,Squelèbelle,,Mignon,B,Eau,Déssert,Combattant,Rare,Aucun,Aucun,YKW1
127,Cigalopin,,Mignon,E,Vent,Jus,Ranger,Commun,Aucun,Aucun,YKW1
128,Cigaillard,,Mignon,C,Vent,Jus,Ranger,Commun,Aucun,Aucun,YKW1
129,Cigazouille,,Mignon,B,Feu,Jus,Ranger,Commun,Aucun,Aucun,YKW1
130,Chihuaglagla,,Mignon,E,Glace,Ramen,Combattant,Commun,Aucun,Aucun,"YKW1, Fusion, Fusion (Objet)"
131,Froahuahua,,Mignon,A,Glace,Ramen,Combattant,Commun,Aucun,Aucun,"YKW1, Fusion, Fusionné (Objet)"
132,Cho-cho,,Mignon,S,Feu,Ramen,Ranger,Commun,Aucun,Aucun,YKW1
133,Traviolette,,Mignon,D,Glace,Déssert,Combattant,Commun,Aucun,Aucun,YKW2
134,Yokoeil,,Mignon,D,Glace,Oden,Combattant,Commun,Aucun,Classique,YKW2
135,Jibanyan,,Mignon,D,Feu,Barre de Chocolat,Combattant,Commun,Aucun,Aucun,YKW1
136,Épinyan,,Mignon,B,Vent,Barre de Chocolat,Ranger,Commun,Aucun,Aucun,YKW1
137,Bandinyan,,Mignon,B,Feu,Barre de Chocolat,Combattant,Commun,Aucun,Aucun,YKW1
138,Buchinyan,,Mignon,C,Foudre,Barre de Chocolat,Ranger,Commun,Aucun,Aucun,"YKW2, Exclu Bingo-Kai, Pièce Super Pile ou Pass"
139,Kappacap,,Mignon,D,Eau,Sushi,Combattant,Commun,Aucun,Aucun,"YKW1, Évolutif, Voie du mystère, Réa"
140,Appak,,Mignon,A,Eau,Sushi,Combattant,Commun,Aucun,Aucun,"YKW1, Évolution, Réa"
141,Kappaloha,,Mignon,A,Eau,Sushi,Combattant,Commun,Aucun,Aucun,YKW1
142,Komasan,,Mignon,D,Feu,Lait,Combattant,Commun,Aucun,Aucun,"YKW1, Exclu Bingo-Kai, Pièce Super Pile ou Pass, Évolutif"
143,Komaous,,Mignon,A,Feu,Lait,Combattant,Commun,Aucun,Aucun,"YKW1, Évolution"
144,Komajiro,,Mignon,D,Foudre,Lait,Combattant,Commun,Aucun,Aucun,"YKW1, Évolutif, Voie du mystère, Réa"
145,Komistigri,,Mignon,A,Foudre,Lait,Combattant,Commun,Aucun,Aucun,"YKW1, Évolution, Réa"
146,Baku,,Mignon,D,Absorption,Jus,Combattant,Commun,Aucun,Aucun,
147,Bakuku,,Mignon,B,Absorption,Jus,Combattant,Commun,Aucun,Aucun,
148,Tapur,,Mignon,C,Absorption,Jus,Combattant,Commun,Aucun,Aucun,"YKW1, Réa"
149,Sabruine,,Mignon,C,Eau,Jus,Combattant,Commun,Aucun,Aucun,"YKW2, Tabloblabla"
150,Vito,,Mignon,C,Glace,Curry,Ranger,Commun,Aucun,Aucun,YKW2
151,Pitou,,Mignon,C,Restauration,Hamburger,Guérisseur,Commun,Aucun,Aucun,"YKW1, Fusion, Fusion (Objet)"
152,Choubidou,,Mignon,B,Restauration,Hamburger,Guérisseur,Commun,Aucun,Aucun,"YKW1, Fusion, Fusionné (Objet), Âmeschimie rares, Âme Superstar"
153,Satandre,,Mignon,A,Absorption,Hamburger,Combattant,Commun,Aucun,Aucun,YKW1
154,Timours,,Mignon,B,Restauration,Viande,Ranger,Commun,Aucun,Aucun,YKW2
155,Angélik,,Mignon,B,Glace,Confiserie,Combattant,Commun,Aucun,Aucun,"YKW1, Fusion, Fusion (Objet)"
156,Blizzaria,,Mignon,A,Glace,Confiserie,Combattant,Commun,Aucun,Aucun,"YKW1, Fusion, Fusionné (Objet)"
157,Damona,,Mignon,S,Absorption,Confiserie,Combattant,Commun,Aucun,Aucun,"YKW1, Exclu Bingo-Kai, Sceau Lég., Sceau Gorgouille"
158,Faux Kappa,,Mignon,A,Eau,Légumes,Combattant,Commun,Aucun,Classique,"YKW2, Sceau Lég., Sceau Déballerine"
159,Kappadissi,,Mignon,S,Eau,Cuisine Chinoise,Combattant,Rare,Aucun,Aucun,"YKW2, Exclu Bingo-Kai, Sceau Lég., Sceau Slurpent"
160,Maitre Nyada,,Mignon,S,Vent,Fruit de mer,Ranger,Commun,Aucun,Aucun,"YKW2, Sceau Lég., Sceau Déballerine"
161,Amoiz,,Bienveillant,E,Foudre,Ramen,Combattant,Commun,Aucun,Aucun,YKW1
162,Pikor,,Bienveillant,D,Terre,Ramen,Combattant,Commun,Aucun,Aucun,YKW1
163,Noripop,,Bienveillant,E,Restauration,Ramen,Ranger,Commun,Aucun,Aucun,"YKW1, Fusion"
164,Algacarena,,Bienveillant,C,Restauration,Ramen,Ranger,Commun,Aucun,Aucun,"YKW2, Fusion"
165,Wakapoeira,,Bienveillant,E,Restauration,Ramen,Ranger,Commun,Aucun,Aucun,YKW1
166,Salsalga,,Bienveillant,D,Restauration,Ramen,Guérisseur,Commun,Aucun,Aucun,YKW1
167,Granpapéti,,Bienveillant,E,Restauration,Boule de Riz,Guérisseur,Commun,Aucun,Aucun,"YKW1, Fusion, Fusion (Objet)"
168,Puissanfon,,Bienveillant,B,Absorption,Boule de Riz,Combattant,Commun,Aucun,Aucun,"YKW1, Fusion, Fusionné (Objet)"
169,Grainpère,,Bienveillant,B,Restauration,Boule de Riz,Guérisseur,Commun,Aucun,Aucun,YKW1
170,Papilla,,Bienveillant,E,Restauration,Légumes,Guérisseur,Commun,Aucun,Aucun,"YKW2, Fusion, Fusion (Yo-Kai)"
171,Mlle Papilla,,Bienveillant,B,Restauration,Légumes,Guérisseur,Commun,Aucun,Aucun,"YKW2, Fusion, Fusionné (Yo-Kai)"
172,Felipaix,,Bienveillant,E,Terre,Oden,Guérisseur,Commun,Aucun,Aucun,"YKW2, Fusion, Fusion (Objet)"
173,Monsieur Felipaix,,Bienveillant,B,Restauration,Oden,Guérisseur,Commun,Aucun,Aucun,"YKW2, Fusion, Fusionné (Objet)"
174,Parasolal,,Bienveillant,E,Vent,Oden,Combattant,Commun,Aucun,Classique,"YKW2, Fusion, Fusion (Yo-Kai)"
175,Scarasol,,Bienveillant,A,Terre,Sushi,Tank,Commun,Aucun,Classique,"YKW2, Fusion, Fusionné (Yo-Kai)"
176,Nomoné,,Bienveillant,D,Vent,Lait,Ranger,Commun,Aucun,Aucun,"YKW1, Évolutif"
177,Ivanupieds,,Bienveillant,A,Vent,Lait,Ranger,Commun,Aucun,Aucun,"YKW2, Évolution"
178,Noproblemo,,Bienveillant,C,Eau,Lait,Ranger,Commun,Aucun,Aucun,YKW1
179,Lulutin,,Bienveillant,E,Restauration,Encas,Guérisseur,Commun,Aucun,Classique,"YKW2, Évolutif"
180,Grégrigry,,Bienveillant,A,Restauration,Encas,Guérisseur,Commun,Aucun,Classique,"YKW2, Évolution"
181,Papiltation,,Bienveillant,D,Restauration,Jus,Guérisseur,Commun,Aucun,Aucun,"YKW1, Fusion, Fusion (Yo-Kai)"
182,Papiltension,,Bienveillant,D,Absorption,Jus,Combattant,Commun,Aucun,Aucun,"YKW1, Fusion, Fusion (Yo-Kai)"
183,Hyprapillon,,Bienveillant,A,Restauration,Jus,Guérisseur,Commun,Aucun,Aucun,"YKW1, Fusion, Fusionné (Yo-Kai)"
184,Vitapillon,,Bienveillant,S,Restauration,Jus,Guérisseur,Rare,Aucun,Aucun,YKW1
185,Métaureaulog,,Bienveillant,D,Restauration,Sushi,Guérisseur,Commun,Aucun,Classique,"YKW2, Fusion, Fusion (Objet)"
186,Tauracle,,Bienveillant,S,Restauration,Sushi,Guérisseur,Commun,Aucun,Classique,"YKW2, Fusion, Fusionné (Objet)"
187,Donchan,,Bienveillant,C,Restauration,Encas,Ranger,Commun,Aucun,Aucun,YKW2
188,Sabrille,,Bienveillant,C,Feu,Déssert,Combattant,Commun,Aucun,Aucun,YKW2
189,Jojojoyeux,,Bienveillant,C,Restauration,Pain,Guérisseur,Commun,Aucun,Aucun,"YKW1, Fusion, Fusion (Yo-Kai)"
190,Paradoxa,,Bienveillant,A,Restauration,Pain,Guérisseur,Commun,Aucun,Aucun,"YKW1, Fusion, Fusionné (Yo-Kai)"
191,Potaumorose,,Bienveillant,A,Vent,Pain,Combattant,Rare,Aucun,Aucun,YKW1
192,Ratatam,,Bienveillant,B,Restauration,Curry,Guérisseur,Commun,Aucun,Aucun,YKW1
193,Supernoël,,Bienveillant,B,Foudre,Curry,Combattant,Commun,Aucun,Aucun,"YKW1, Tabloblabla"
194,Dédé,,Bienveillant,B,Eau,Confiserie,Ranger,Commun,Aucun,Aucun,YKW1
195,Dédestin,,Bienveillant,A,Eau,Confiserie,Ranger,Commun,Aucun,Aucun,YKW1
196,Tontonerre,,Bienveillant,A,Foudre,Sushi,Combattant,Commun,Aucun,Aucun,YKW1
197,Omnitonton,,Bienveillant,S,Foudre,Sushi,Combattant,Rare,Aucun,Aucun,YKW1
198,Tata Aura,,Bienveillant,A,Restauration,Légumes,Guérisseur,Commun,Aucun,Aucun,YKW1
199,Tata Câlin,,Bienveillant,S,Restauration,Légumes,Guérisseur,Rare,Aucun,Aucun,"YKW1, Exclu Bingo-Kai, Sceau Lég., Sceau Gorgouille"
200,Kyryn,,Bienveillant,S,Restauration,Cuisine Chinoise,Guérisseur,Commun,Aucun,Classique,"YKW2, Paradis Divin"
201,Kyrycorne,,Bienveillant,S,Restauration,Soba,Guérisseur,Rare,Aucun,Classique,"YKW2, Exclu Bingo-Kai, Sceau Lég., Sceau Slurpent"
202,Égaroni,,Sombre,E,Glace,Confiserie,Ranger,Commun,Aucun,Aucun,YKW1
203,Onisoi,,Sombre,D,Absorption,Confiserie,Combattant,Commun,Aucun,Aucun,YKW1
204,Tortico,,Sombre,E,Terre,Confiserie,Ranger,Commun,Aucun,Aucun,"YKW1, Fusion, Fusion (Objet)"
205,Tendino,,Sombre,C,Terre,Confiserie,Combattant,Commun,Aucun,Aucun,"YKW1, Fusion, Fusionné (Objet)"
206,Contracto,,Sombre,B,Terre,Confiserie,Combattant,Commun,Aucun,Aucun,YKW1
207,Couchtar,,Sombre,E,Foudre,Hamburger,Ranger,Commun,Fantôme Bouffis,Aucun,"YKW2, Fusion, Fusion (Yo-Kai)"
208,Noctambill,,Sombre,B,Foudre,Hamburger,Ranger,Commun,Fantôme Bouffis,Aucun,"YKW2, Fusion, Fusionné (Yo-Kai)"
209,Herbert,,Sombre,E,Eau,Légumes,Combattant,Commun,Esprit Farsseur,Aucun,"YKW2, Fusion, Fusion (Yo-Kai)"
210,Carnanova,,Sombre,B,Feu,Viande,Combattant,Commun,Esprit Farsseur,Aucun,"YKW2, Fusion, Fusionné (Yo-Kai)"
211,Nihilistik,,Sombre,E,Absorption,Jus,Combattant,Commun,Aucun,Aucun,"YKW1, Évolutif"
212,Émousstik,,Sombre,C,Absorption,Jus,Combattant,Commun,Aucun,Aucun,"YKW1, Évolution"
213,Grattoptère,,Sombre,A,Foudre,Jus,Combattant,Commun,Aucun,Aucun,YKW1
214,Marcognito,,Sombre,E,Vent,Boule de Riz,Combattant,Commun,Aucun,Aucun,"YKW1, Âmeschimie rares, Âme furtive"
215,Ninjamévu,,Sombre,B,Vent,Boule de Riz,Combattant,Commun,Aucun,Aucun,"YKW1, Âmeschimie rares, Âme furtive"
216,Nihilo,,Sombre,A,Vent,Boule de Riz,Combattant,Commun,Aucun,Aucun,YKW1
217,Suspicioni,,Sombre,D,Eau,Cuisine Chinoise,Combattant,Commun,Aucun,Aucun,YKW1
218,Ragioni,,Sombre,D,Feu,Cuisine Chinoise,Combattant,Commun,Aucun,Aucun,YKW1
219,Contrarioni,,Sombre,B,Foudre,Cuisine Chinoise,Combattant,Commun,Aucun,Aucun,YKW1
220,Chauvekipeut,,Sombre,D,Vent,Viande,Combattant,Commun,Aucun,Aucun,"YKW1, Fusion, Fusion (Yo-Kai)"
221,Chauv'coucou,,Sombre,A,Vent,Viande,Combattant,Commun,Aucun,Aucun,"YKW1, Fusion, Fusionné (Yo-Kai)"
222,Vampiloc,,Sombre,A,Vent,Viande,Combattant,Commun,Aucun,Aucun,YKW1
223,Gloups,,Sombre,D,Absorption,Sushi,Combattant,Commun,Aucun,Aucun,YKW2
224,Chip-Chope,,Sombre,A,Absorption,Sushi,Combattant,Commun,Aucun,Aucun,YKW2
225,Hâtila,,Sombre,C,Vent,Curry,Combattant,Commun,Aucun,Aucun,YKW2
226,Amédélègue,,Sombre,C,Absorption,Sushi,,Commun,Aucun,Aucun,"YKW2, Voie du mystère"
227,Comte Zapzap,,Sombre,C,Glace,Hamburger,Combattant,Commun,Fantôme Bouffis,Aucun,YKW2
228,Raltesse,,Sombre,C,Absorption,Lait,Combattant,Rare,Aucun,Aucun,"YKW2, Exclu Bingo-Kai, Pièce frisson (Fleur)"
229,Tengubre,,Sombre,C,Vent,Pain,Combattant,Commun,Aucun,Aucun,"YKW1, Fusion, Fusion (Yo-Kai)"
230,Bibliotengu,,Sombre,B,Vent,Pain,Combattant,Commun,Aucun,Aucun,YKW1
231,Snobéa,,Sombre,B,Glace,Sushi,Combattant,Commun,Aucun,Aucun,YKW2
232,Triptyk,,Sombre,B,Feu,Oden,Combattant,Rare,Aucun,Aucun,YKW2
233,Dracunyan,,Sombre,B,Absorption,Barre de Chocolat,Combattant,Rare,Aucun,Aucun,"YKW2, Exclu Bingo-Kai, Pièce frisson (Fleur), Pièce frisson (Lune), Pièce frisson (Vent)"
234,Nimpégase,,Sombre,A,Vent,Légumes,Combattant,Commun,Aucun,Aucun,YKW1
235,Hennimi,,Sombre,A,Absorption,Légumes,Combattant,Commun,Aucun,Aucun,YKW1
236,Timidémon,,Sombre,A,Feu,Ramen,Combattant,Commun,Aucun,Aucun,YKW1
237,Belzel,,Sombre,S,Feu,Ramen,Combattant,Commun,Aucun,Aucun,YKW1
238,Dente,,Sombre,S,Feu,Ramen,Combattant,Rare,Aucun,Aucun,"YKW1, Exclu Bingo-Kai, Sceau Lég., Sceau Gorgouille"
239,Millyeux,,Sombre,A,Terre,Viande,Tank,Commun,Aucun,Classique,YKW2
240,Précyeux,,Sombre,S,Foudre,Déssert,Tank,Rare,Aucun,Classique,"YKW2, Exclu Bingo-Kai, Sceau Lég., Sceau Slurpent"
241,Vénaldo,,Sombre,S,Feu,Viande,Combattant,Commun,Aucun,Aucun,
242,Maltesse,,Sombre,S,Eau,Viande,Ranger,Rare,Aucun,Aucun,
243,Potofeu,,Sombre,S,Terre,Soba,Combattant,Rare,Aucun,Aucun,
244,,,,,,,,Commun,Aucun,Aucun,
245,,,,,,,,Commun,Aucun,Aucun,
246,,,,,,,,Commun,Aucun,Aucun,
247,,,,,,,,Commun,Aucun,Aucun,
248,,,,,,,,Commun,Aucun,Aucun,
249,,,,,,,,Commun,Aucun,Aucun,
250,,,,,,,,Commun,Aucun,Aucun,
251,,,,,,,,Commun,Aucun,Aucun,
252,,,,,,,,Commun,Aucun,Aucun,
253,,,,,,,,Commun,Aucun,Aucun,
254,,,,,,,,Commun,Aucun,Aucun,
255,,,,,,,,Commun,Aucun,Aucun,
256,,,,,,,,Commun,Aucun,Aucun,
257,,,,,,,,Commun,Aucun,Aucun,
258,,,,,,,,Commun,Aucun,Aucun,
259,,,,,,,,Commun,Aucun,Aucun,
260,,,,,,,,Commun,Aucun,Aucun,
261,,,,,,,,Commun,,,
262,,,,,,,,Commun,,,
263,,,,,,,,Commun,,,
264,,,,,,,,Commun,,,
265,,,,,,,,Commun,,,
266,,,,,,,,Commun,,,
267,,,,,,,,Commun,,,
268,,,,,,,,Commun,,,
269,,,,,,,,Commun,,,
270,,,,,,,,Commun,,,
271,,,,,,,,Commun,,,
272,,,,,,,,Commun,,,
273,,,,,,,,Commun,,,
274,,,,,,,,Commun,,,
275,,,,,,,,Commun,,,
276,,,,,,,,Commun,,,
277,,,,,,,,Commun,,,
278,,,,,,,,Commun,,,
279,,,,,,,,Commun,,,
280,,,,,,,,Commun,,,
281,,,,,,,,Commun,,,
282,,,,,,,,Commun,,,
283,,,,,,,,Commun,,,
284,,,,,,,,Commun,,,
285,,,,,,,,Commun,,,
286,,,,,,,,Commun,,,
287,,,,,,,,Commun,,,
288,,,,,,,,Commun,,,
289,,,,,,,,Commun,,,
290,,,,,,,,Commun,,,
291,,,,,,,,Commun,,,
292,,,,,,,,Commun,,,
293,,,,,,,,Commun,,,
294,,,,,,,,Commun,,,
295,,,,,,,,Commun,,,
296,,,,,,,,Commun,,,
297,,,,,,,,Commun,,,
298,,,,,,,,Commun,,,
299,,,,,,,,Commun,,,
300,,,,,,,,Commun,,,
301,,,,,,,,Commun,,,
302,,,,,,,,Commun,,,
303,,,,,,,,Commun,,,
304,,,,,,,,Commun,,,
305,,,,,,,,Commun,,,
306,,,,,,,,Commun,,,
307,,,,,,,,Commun,,,
308,,,,,,,,Commun,,,
309,,,,,,,,Commun,,,
310,,,,,,,,Commun,,,
311,,,,,,,,Commun,,,
312,,,,,,,,Commun,,,
313,,,,,,,,Commun,,,
314,,,,,,,,Commun,,,
315,,,,,,,,Commun,,,
316,,,,,,,,Commun,,,
317,,,,,,,,Commun,,,
318,,,,,,,,Commun,,,
319,,,,,,,,Commun,,,
320,,,,,,,,Commun,,,
321,,,,,,,,Commun,,,
322,,,,,,,,Commun,,,
323,,,,,,,,Commun,,,
324,,,,,,,,Commun,,,
325,,,,,,,,Commun,,,
326,,,,,,,,Commun,,,
327,,,,,,,,Commun,,,
328,,,,,,,,Commun,,,
329,,,,,,,,Commun,,,
330,,,,,,,,,,,
331,,,,,,,,,,,
332,,,,,,,,,,,
333,,,,,,,,,,,
334,,,,,,,,,,,
335,,,,,,,,,,,
336,,,,,,,,,,,
337,,,,,,,,,,,
338,,,,,,,,,,,
339,,,,,,,,,,,
340,,,,,,,,,,,
341,,,,,,,,,,,
342,,,,,,,,,,,
343,,,,,,,,,,,
344,,,,,,,,,,,
345,,,,,,,,,,,
346,,,,,,,,,,,
347,,,,,,,,,,,
348,,,,,,,,,,,
349,,,,,,,,,,,
350,,,,,,,,,,,
351,,,,,,,,,,,
352,,,,,,,,,,,
353,,,,,,,,,,,
354,,,,,,,,,,,
355,,,,,,,,,,,
356,,,,,,,,,,,
357,,,,,,,,,,,
358,,,,,,,,,,,
359,,,,,,,,,,,
360,,,,,,,,,,,
361,,,,,,,,,,,
362,,,,,,,,,,,
363,,,,,,,,,,,
364,,,,,,,,,,,
365,,,,,,,,,,,
366,,,,,,,,,,,
367,,,,,,,,,,,
368,,,,,,,,,,,
369,,,,,,,,,,,
370,,,,,,,,,,,
371,,,,,,,,,,,
372,,,,,,,,,,,
373,,,,,,,,,,,
374,,,,,,,,,,,
375,,,,,,,,,,,
376,,,,,,,,,,,
377,,,,,,,,,,,
378,,,,,,,,,,,
379,,,,,,,,,,,
380,,,,,,,,,,,
381,,,,,,,,,,,
382,,,,,,,,,,,
383,,,,,,,,,,,
384,,,,,,,,,,,
385,,,,,,,,,,,
386,,,,,,,,,,,
387,,,,,,,,,,,
388,,,,,,,,,,,
389,,,,,,,,,,,
390,,,,,,,,,,,
391,,,,,,,,,,,
392,,,,,,,,,,,
393,,,,,,,,,,,
394,,,,,,,,,,,
395,,,,,,,,,,,
396,,,,,,,,,,,
397,,,,,,,,,,,
398,,,,,,,,,,,
399,,,,,,,,,,,
400,,,,,,,,,,,
401,,,,,,,,,,,
402,,,,,,,,,,,
403,,,,,,,,,,,
404,,,,,,,,,,,
405,,,,,,,,,,,
406,,,,,,,,,,,
407,,,,,,,,,,,
408,,,,,,,,,,,
409,,,,,,,,,,,
410,,,,,,,,,,,
411,,,,,,,,,,,
412,,,,,,,,,,,
413,,,,,,,,,,,
414,,,,,,,,,,,
415,,,,,,,,,,,
416,,,,,,,,,,,
417,,,,,,,,,,,
418,,,,,,,,,,,
419,,,,,,,,,,,
420,,,,,,,,,,,
421,,,,,,,,,,,
422,,,,,,,,,,,
423,,,,,,,,,,,
424,,,,,,,,,,,
425,,,,,,,,,,,
426,,,,,,,,,,,
427,,,,,,,,,,,
428,,,,,,,,,,,
429,,,,,,,,,,,
430,,,,,,,,,,,
431,,,,,,,,,,,
432,,,,,,,,,,,
433,,,,,,,,,,,
434,,,,,,,,,,,
435,,,,,,,,,,,
436,,,,,,,,,,,
437,,,,,,,,,,,
438,,,,,,,,,,,
439,,,,,,,,,,,
440,,,,,,,,,,,
441,,,,,,,,,,,
442,,,,,,,,,,,
443,,,,,,,,,,,
444,,,,,,,,,,,
445,,,,,,,,,,,
446,,,,,,,,,,,
447,,,,,,,,,,,
448,,,,,,,,,,,
